indice_tiempo,categoria_del_hotel,tasa_de_ocupacion_plazas,observaciones
2012-01-01,1 y 2 estrellas,0.47,""
2012-01-01,3 estrellas/boutiques/aparts,0.47,""
2012-01-01,4 y 5 estrellas,0.45,""
2012-01-01,Para Hoteles,0.51,""
2012-01-01,Total,0.48,""
2012-02-01,1 y 2 estrellas,0.41,""
2012-02-01,3 estrellas/boutiques/aparts,0.43,""
2012-02-01,4 y 5 estrellas,0.44,""
2012-02-01,Para Hoteles,0.47,""
2012-02-01,Total,0.44,""
2012-03-01,1 y 2 estrellas,0.3,""
2012-03-01,3 estrellas/boutiques/aparts,0.34,""
2012-03-01,4 y 5 estrellas,0.39,""
2012-03-01,Para Hoteles,0.28,""
2012-03-01,Total,0.32,""
2012-04-01,1 y 2 estrellas,0.29,""
2012-04-01,3 estrellas/boutiques/aparts,0.33,""
2012-04-01,4 y 5 estrellas,0.39,""
2012-04-01,Para Hoteles,0.24,""
2012-04-01,Total,0.3,""
2012-05-01,1 y 2 estrellas,0.22,""
2012-05-01,3 estrellas/boutiques/aparts,0.26,""
2012-05-01,4 y 5 estrellas,0.32,""
2012-05-01,Para Hoteles,0.16,""
2012-05-01,Total,0.23,""
2012-06-01,1 y 2 estrellas,0.2,""
2012-06-01,3 estrellas/boutiques/aparts,0.25,""
2012-06-01,4 y 5 estrellas,0.33,""
2012-06-01,Para Hoteles,0.14,""
2012-06-01,Total,0.22,""
2012-07-01,1 y 2 estrellas,0.32,""
2012-07-01,3 estrellas/boutiques/aparts,0.39,""
2012-07-01,4 y 5 estrellas,0.46,""
2012-07-01,Para Hoteles,0.27,""
2012-07-01,Total,0.35,""
2012-08-01,1 y 2 estrellas,0.27,""
2012-08-01,3 estrellas/boutiques/aparts,0.32,""
2012-08-01,4 y 5 estrellas,0.38,""
2012-08-01,Para Hoteles,0.19,""
2012-08-01,Total,0.28,""
2012-09-01,1 y 2 estrellas,0.28,""
2012-09-01,3 estrellas/boutiques/aparts,0.34,""
2012-09-01,4 y 5 estrellas,0.43,""
2012-09-01,Para Hoteles,0.2,""
2012-09-01,Total,0.3,""
2012-10-01,1 y 2 estrellas,0.28,""
2012-10-01,3 estrellas/boutiques/aparts,0.33,""
2012-10-01,4 y 5 estrellas,0.42,""
2012-10-01,Para Hoteles,0.21,""
2012-10-01,Total,0.3,""
2012-11-01,1 y 2 estrellas,0.27,""
2012-11-01,3 estrellas/boutiques/aparts,0.36,""
2012-11-01,4 y 5 estrellas,0.46,""
2012-11-01,Para Hoteles,0.22,""
2012-11-01,Total,0.32,""
2012-12-01,1 y 2 estrellas,0.26,""
2012-12-01,3 estrellas/boutiques/aparts,0.31,""
2012-12-01,4 y 5 estrellas,0.38,""
2012-12-01,Para Hoteles,0.23,""
2012-12-01,Total,0.29,""
2013-01-01,1 y 2 estrellas,0.42,""
2013-01-01,3 estrellas/boutiques/aparts,0.45,""
2013-01-01,4 y 5 estrellas,0.45,""
2013-01-01,Para Hoteles,0.46,""
2013-01-01,Total,0.45,""
2013-02-01,1 y 2 estrellas,0.39,""
2013-02-01,3 estrellas/boutiques/aparts,0.42,""
2013-02-01,4 y 5 estrellas,0.45,""
2013-02-01,Para Hoteles,0.42,""
2013-02-01,Total,0.42,""
2013-03-01,1 y 2 estrellas,0.28,""
2013-03-01,3 estrellas/boutiques/aparts,0.34,""
2013-03-01,4 y 5 estrellas,0.42,""
2013-03-01,Para Hoteles,0.28,""
2013-03-01,Total,0.32,""
2013-04-01,1 y 2 estrellas,0.23,""
2013-04-01,3 estrellas/boutiques/aparts,0.27,""
2013-04-01,4 y 5 estrellas,0.36,""
2013-04-01,Para Hoteles,0.17,""
2013-04-01,Total,0.25,""
2013-05-01,1 y 2 estrellas,0.21,""
2013-05-01,3 estrellas/boutiques/aparts,0.26,""
2013-05-01,4 y 5 estrellas,0.35,""
2013-05-01,Para Hoteles,0.15,""
2013-05-01,Total,0.24,""
2013-06-01,1 y 2 estrellas,0.24,""
2013-06-01,3 estrellas/boutiques/aparts,0.29,""
2013-06-01,4 y 5 estrellas,0.37,""
2013-06-01,Para Hoteles,0.16,""
2013-06-01,Total,0.26,""
2013-07-01,1 y 2 estrellas,0.33,""
2013-07-01,3 estrellas/boutiques/aparts,0.4,""
2013-07-01,4 y 5 estrellas,0.49,""
2013-07-01,Para Hoteles,0.26,""
2013-07-01,Total,0.36,""
2013-08-01,1 y 2 estrellas,0.28,""
2013-08-01,3 estrellas/boutiques/aparts,0.32,""
2013-08-01,4 y 5 estrellas,0.41,""
2013-08-01,Para Hoteles,0.19,""
2013-08-01,Total,0.29,""
2013-09-01,1 y 2 estrellas,0.3,""
2013-09-01,3 estrellas/boutiques/aparts,0.34,""
2013-09-01,4 y 5 estrellas,0.45,""
2013-09-01,Para Hoteles,0.2,""
2013-09-01,Total,0.31,""
2013-10-01,1 y 2 estrellas,0.29,""
2013-10-01,3 estrellas/boutiques/aparts,0.33,""
2013-10-01,4 y 5 estrellas,0.44,""
2013-10-01,Para Hoteles,0.22,""
2013-10-01,Total,0.31,""
2013-11-01,1 y 2 estrellas,0.28,""
2013-11-01,3 estrellas/boutiques/aparts,0.36,""
2013-11-01,4 y 5 estrellas,0.49,""
2013-11-01,Para Hoteles,0.26,""
2013-11-01,Total,0.34,""
2013-12-01,1 y 2 estrellas,0.27,""
2013-12-01,3 estrellas/boutiques/aparts,0.31,""
2013-12-01,4 y 5 estrellas,0.4,""
2013-12-01,Para Hoteles,0.23,""
2013-12-01,Total,0.3,""
2014-01-01,1 y 2 estrellas,0.43,""
2014-01-01,3 estrellas/boutiques/aparts,0.48,""
2014-01-01,4 y 5 estrellas,0.47,""
2014-01-01,Para Hoteles,0.48,""
2014-01-01,Total,0.47,""
2014-02-01,1 y 2 estrellas,0.39,""
2014-02-01,3 estrellas/boutiques/aparts,0.45,""
2014-02-01,4 y 5 estrellas,0.46,""
2014-02-01,Para Hoteles,0.43,""
2014-02-01,Total,0.43,""
2014-03-01,1 y 2 estrellas,0.27,""
2014-03-01,3 estrellas/boutiques/aparts,0.36,""
2014-03-01,4 y 5 estrellas,0.43,""
2014-03-01,Para Hoteles,0.27,""
2014-03-01,Total,0.33,""
2014-04-01,1 y 2 estrellas,0.23,""
2014-04-01,3 estrellas/boutiques/aparts,0.31,""
2014-04-01,4 y 5 estrellas,0.4,""
2014-04-01,Para Hoteles,0.21,""
2014-04-01,Total,0.28,""
2014-05-01,1 y 2 estrellas,0.22,""
2014-05-01,3 estrellas/boutiques/aparts,0.28,""
2014-05-01,4 y 5 estrellas,0.38,""
2014-05-01,Para Hoteles,0.17,""
2014-05-01,Total,0.26,""
2014-06-01,1 y 2 estrellas,0.22,""
2014-06-01,3 estrellas/boutiques/aparts,0.25,""
2014-06-01,4 y 5 estrellas,0.34,""
2014-06-01,Para Hoteles,0.16,""
2014-06-01,Total,0.24,""
2014-07-01,1 y 2 estrellas,0.32,""
2014-07-01,3 estrellas/boutiques/aparts,0.39,""
2014-07-01,4 y 5 estrellas,0.48,""
2014-07-01,Para Hoteles,0.29,""
2014-07-01,Total,0.36,""
2014-08-01,1 y 2 estrellas,0.29,""
2014-08-01,3 estrellas/boutiques/aparts,0.33,""
2014-08-01,4 y 5 estrellas,0.45,""
2014-08-01,Para Hoteles,0.21,""
2014-08-01,Total,0.31,""
2014-09-01,1 y 2 estrellas,0.3,""
2014-09-01,3 estrellas/boutiques/aparts,0.34,""
2014-09-01,4 y 5 estrellas,0.45,""
2014-09-01,Para Hoteles,0.21,""
2014-09-01,Total,0.32,""
2014-10-01,1 y 2 estrellas,0.29,""
2014-10-01,3 estrellas/boutiques/aparts,0.36,""
2014-10-01,4 y 5 estrellas,0.48,""
2014-10-01,Para Hoteles,0.23,""
2014-10-01,Total,0.33,""
2014-11-01,1 y 2 estrellas,0.28,""
2014-11-01,3 estrellas/boutiques/aparts,0.36,""
2014-11-01,4 y 5 estrellas,0.48,""
2014-11-01,Para Hoteles,0.24,""
2014-11-01,Total,0.34,""
2014-12-01,1 y 2 estrellas,0.28,""
2014-12-01,3 estrellas/boutiques/aparts,0.33,""
2014-12-01,4 y 5 estrellas,0.41,""
2014-12-01,Para Hoteles,0.26,""
2014-12-01,Total,0.32,""
2015-01-01,1 y 2 estrellas,0.49,""
2015-01-01,3 estrellas/boutiques/aparts,0.49,""
2015-01-01,4 y 5 estrellas,0.49,""
2015-01-01,Para Hoteles,0.49,""
2015-01-01,Total,0.49,""
2015-02-01,1 y 2 estrellas,0.44,""
2015-02-01,3 estrellas/boutiques/aparts,0.46,""
2015-02-01,4 y 5 estrellas,0.49,""
2015-02-01,Para Hoteles,0.45,""
2015-02-01,Total,0.46,""
2015-03-01,1 y 2 estrellas,0.25,""
2015-03-01,3 estrellas/boutiques/aparts,0.34,""
2015-03-01,4 y 5 estrellas,0.41,""
2015-03-01,Para Hoteles,0.26,""
2015-03-01,Total,0.31,""
2015-04-01,1 y 2 estrellas,0.23,""
2015-04-01,3 estrellas/boutiques/aparts,0.3,""
2015-04-01,4 y 5 estrellas,0.39,""
2015-04-01,Para Hoteles,0.2,""
2015-04-01,Total,0.28,""
2015-05-01,1 y 2 estrellas,0.22,""
2015-05-01,3 estrellas/boutiques/aparts,0.28,""
2015-05-01,4 y 5 estrellas,0.35,""
2015-05-01,Para Hoteles,0.17,""
2015-05-01,Total,0.25,""
2015-06-01,1 y 2 estrellas,0.21,""
2015-06-01,3 estrellas/boutiques/aparts,0.26,""
2015-06-01,4 y 5 estrellas,0.34,""
2015-06-01,Para Hoteles,0.14,""
2015-06-01,Total,0.23,""
2015-07-01,1 y 2 estrellas,0.34,""
2015-07-01,3 estrellas/boutiques/aparts,0.41,""
2015-07-01,4 y 5 estrellas,0.5,""
2015-07-01,Para Hoteles,0.3,""
2015-07-01,Total,0.39,""
2015-08-01,1 y 2 estrellas,0.3,""
2015-08-01,3 estrellas/boutiques/aparts,0.34,""
2015-08-01,4 y 5 estrellas,0.42,""
2015-08-01,Para Hoteles,0.2,""
2015-08-01,Total,0.31,""
2015-09-01,1 y 2 estrellas,0.32,""
2015-09-01,3 estrellas/boutiques/aparts,0.35,""
2015-09-01,4 y 5 estrellas,0.46,""
2015-09-01,Para Hoteles,0.21,""
2015-09-01,Total,0.33,""
2015-10-01,1 y 2 estrellas,0.31,""
2015-10-01,3 estrellas/boutiques/aparts,0.34,""
2015-10-01,4 y 5 estrellas,0.43,""
2015-10-01,Para Hoteles,0.22,""
2015-10-01,Total,0.32,""
2015-11-01,1 y 2 estrellas,0.26,""
2015-11-01,3 estrellas/boutiques/aparts,0.33,""
2015-11-01,4 y 5 estrellas,0.43,""
2015-11-01,Para Hoteles,0.25,""
2015-11-01,Total,0.32,""
2015-12-01,1 y 2 estrellas,0.27,""
2015-12-01,3 estrellas/boutiques/aparts,0.31,""
2015-12-01,4 y 5 estrellas,0.38,""
2015-12-01,Para Hoteles,0.25,""
2015-12-01,Total,0.3,""
2016-01-01,1 y 2 estrellas,0.43,""
2016-01-01,3 estrellas/boutiques/aparts,0.43,""
2016-01-01,4 y 5 estrellas,0.45,""
2016-01-01,Para Hoteles,0.48,""
2016-01-01,Total,0.45,""
2016-02-01,1 y 2 estrellas,0.4,""
2016-02-01,3 estrellas/boutiques/aparts,0.42,""
2016-02-01,4 y 5 estrellas,0.45,""
2016-02-01,Para Hoteles,0.42,""
2016-02-01,Total,0.42,""
2016-03-01,1 y 2 estrellas,0.27,""
2016-03-01,3 estrellas/boutiques/aparts,0.33,""
2016-03-01,4 y 5 estrellas,0.4,""
2016-03-01,Para Hoteles,0.25,""
2016-03-01,Total,0.31,""
2016-04-01,1 y 2 estrellas,0.21,""
2016-04-01,3 estrellas/boutiques/aparts,0.28,""
2016-04-01,4 y 5 estrellas,0.37,""
2016-04-01,Para Hoteles,0.17,""
2016-04-01,Total,0.26,""
2016-05-01,1 y 2 estrellas,0.2,""
2016-05-01,3 estrellas/boutiques/aparts,0.25,""
2016-05-01,4 y 5 estrellas,0.32,""
2016-05-01,Para Hoteles,0.14,""
2016-05-01,Total,0.23,""
2016-06-01,1 y 2 estrellas,0.21,""
2016-06-01,3 estrellas/boutiques/aparts,0.27,""
2016-06-01,4 y 5 estrellas,0.35,""
2016-06-01,Para Hoteles,0.15,""
2016-06-01,Total,0.24,""
2016-07-01,1 y 2 estrellas,0.35,""
2016-07-01,3 estrellas/boutiques/aparts,0.4,""
2016-07-01,4 y 5 estrellas,0.5,""
2016-07-01,Para Hoteles,0.3,""
2016-07-01,Total,0.38,""
2016-08-01,1 y 2 estrellas,0.3,""
2016-08-01,3 estrellas/boutiques/aparts,0.33,""
2016-08-01,4 y 5 estrellas,0.41,""
2016-08-01,Para Hoteles,0.2,""
2016-08-01,Total,0.31,""
2016-09-01,1 y 2 estrellas,0.3,""
2016-09-01,3 estrellas/boutiques/aparts,0.34,""
2016-09-01,4 y 5 estrellas,0.44,""
2016-09-01,Para Hoteles,0.21,""
2016-09-01,Total,0.32,""
2016-10-01,1 y 2 estrellas,0.3,""
2016-10-01,3 estrellas/boutiques/aparts,0.34,""
2016-10-01,4 y 5 estrellas,0.45,""
2016-10-01,Para Hoteles,0.24,""
2016-10-01,Total,0.33,""
2016-11-01,1 y 2 estrellas,0.28,""
2016-11-01,3 estrellas/boutiques/aparts,0.36,""
2016-11-01,4 y 5 estrellas,0.46,""
2016-11-01,Para Hoteles,0.24,""
2016-11-01,Total,0.33,""
2016-12-01,1 y 2 estrellas,0.29,""
2016-12-01,3 estrellas/boutiques/aparts,0.32,""
2016-12-01,4 y 5 estrellas,0.39,""
2016-12-01,Para Hoteles,0.25,""
2016-12-01,Total,0.31,""
2017-01-01,1 y 2 estrellas,0.43,""
2017-01-01,3 estrellas/boutiques/aparts,0.45,""
2017-01-01,4 y 5 estrellas,0.45,""
2017-01-01,Para Hoteles,0.47,""
2017-01-01,Total,0.45,""
2017-02-01,1 y 2 estrellas,0.41,""
2017-02-01,3 estrellas/boutiques/aparts,0.44,""
2017-02-01,4 y 5 estrellas,0.47,""
2017-02-01,Para Hoteles,0.45,""
2017-02-01,Total,0.44,""
2017-03-01,1 y 2 estrellas,0.26,""
2017-03-01,3 estrellas/boutiques/aparts,0.34,""
2017-03-01,4 y 5 estrellas,0.41,""
2017-03-01,Para Hoteles,0.24,""
2017-03-01,Total,0.31,""
2017-04-01,1 y 2 estrellas,0.25,""
2017-04-01,3 estrellas/boutiques/aparts,0.33,""
2017-04-01,4 y 5 estrellas,0.41,""
2017-04-01,Para Hoteles,0.22,""
2017-04-01,Total,0.3,""
2017-05-01,1 y 2 estrellas,0.23,""
2017-05-01,3 estrellas/boutiques/aparts,0.28,""
2017-05-01,4 y 5 estrellas,0.35,""
2017-05-01,Para Hoteles,0.15,""
2017-05-01,Total,0.25,""
2017-06-01,1 y 2 estrellas,0.24,""
2017-06-01,3 estrellas/boutiques/aparts,0.29,""
2017-06-01,4 y 5 estrellas,0.36,""
2017-06-01,Para Hoteles,0.16,""
2017-06-01,Total,0.26,""
2017-07-01,1 y 2 estrellas,0.38,""
2017-07-01,3 estrellas/boutiques/aparts,0.42,""
2017-07-01,4 y 5 estrellas,0.51,""
2017-07-01,Para Hoteles,0.33,""
2017-07-01,Total,0.41,""
2017-08-01,1 y 2 estrellas,0.3,""
2017-08-01,3 estrellas/boutiques/aparts,0.34,""
2017-08-01,4 y 5 estrellas,0.43,""
2017-08-01,Para Hoteles,0.22,""
2017-08-01,Total,0.32,""
2017-09-01,1 y 2 estrellas,0.32,""
2017-09-01,3 estrellas/boutiques/aparts,0.37,""
2017-09-01,4 y 5 estrellas,0.48,""
2017-09-01,Para Hoteles,0.23,""
2017-09-01,Total,0.34,""
2017-10-01,1 y 2 estrellas,0.31,""
2017-10-01,3 estrellas/boutiques/aparts,0.37,""
2017-10-01,4 y 5 estrellas,0.47,""
2017-10-01,Para Hoteles,0.24,""
2017-10-01,Total,0.34,""
2017-11-01,1 y 2 estrellas,0.3,""
2017-11-01,3 estrellas/boutiques/aparts,0.38,""
2017-11-01,4 y 5 estrellas,0.51,""
2017-11-01,Para Hoteles,0.26,""
2017-11-01,Total,0.36,""
2017-12-01,1 y 2 estrellas,0.28,""
2017-12-01,3 estrellas/boutiques/aparts,0.34,""
2017-12-01,4 y 5 estrellas,0.41,""
2017-12-01,Para Hoteles,0.26,""
2017-12-01,Total,0.32,""
2018-01-01,1 y 2 estrellas,0.47,""
2018-01-01,3 estrellas/boutiques/aparts,0.46,""
2018-01-01,4 y 5 estrellas,0.48,""
2018-01-01,Para Hoteles,0.46,""
2018-01-01,Total,0.47,""
2018-02-01,1 y 2 estrellas,0.46,""
2018-02-01,3 estrellas/boutiques/aparts,0.46,""
2018-02-01,4 y 5 estrellas,0.49,""
2018-02-01,Para Hoteles,0.45,""
2018-02-01,Total,0.46,""
2018-03-01,1 y 2 estrellas,0.32,""
2018-03-01,3 estrellas/boutiques/aparts,0.38,""
2018-03-01,4 y 5 estrellas,0.46,""
2018-03-01,Para Hoteles,0.28,""
2018-03-01,Total,0.36,""
2018-04-01,1 y 2 estrellas,0.28,""
2018-04-01,3 estrellas/boutiques/aparts,0.33,""
2018-04-01,4 y 5 estrellas,0.42,""
2018-04-01,Para Hoteles,0.22,""
2018-04-01,Total,0.31,""
2018-05-01,1 y 2 estrellas,0.25,""
2018-05-01,3 estrellas/boutiques/aparts,0.29,""
2018-05-01,4 y 5 estrellas,0.37,""
2018-05-01,Para Hoteles,0.17,""
2018-05-01,Total,0.27,""
2018-06-01,1 y 2 estrellas,0.25,""
2018-06-01,3 estrellas/boutiques/aparts,0.27,""
2018-06-01,4 y 5 estrellas,0.34,""
2018-06-01,Para Hoteles,0.16,""
2018-06-01,Total,0.25,""
2018-07-01,1 y 2 estrellas,0.38,""
2018-07-01,3 estrellas/boutiques/aparts,0.41,""
2018-07-01,4 y 5 estrellas,0.49,""
2018-07-01,Para Hoteles,0.31,""
2018-07-01,Total,0.39,""
2018-08-01,1 y 2 estrellas,0.32,""
2018-08-01,3 estrellas/boutiques/aparts,0.34,""
2018-08-01,4 y 5 estrellas,0.43,""
2018-08-01,Para Hoteles,0.22,""
2018-08-01,Total,0.32,""
2018-09-01,1 y 2 estrellas,0.33,""
2018-09-01,3 estrellas/boutiques/aparts,0.36,""
2018-09-01,4 y 5 estrellas,0.46,""
2018-09-01,Para Hoteles,0.22,""
2018-09-01,Total,0.34,""
2018-10-01,1 y 2 estrellas,0.33,""
2018-10-01,3 estrellas/boutiques/aparts,0.36,""
2018-10-01,4 y 5 estrellas,0.48,""
2018-10-01,Para Hoteles,0.23,""
2018-10-01,Total,0.34,""
2018-11-01,1 y 2 estrellas,0.31,""
2018-11-01,3 estrellas/boutiques/aparts,0.38,""
2018-11-01,4 y 5 estrellas,0.5,""
2018-11-01,Para Hoteles,0.24,""
2018-11-01,Total,0.35,""
2018-12-01,1 y 2 estrellas,0.27,""
2018-12-01,3 estrellas/boutiques/aparts,0.34,""
2018-12-01,4 y 5 estrellas,0.42,""
2018-12-01,Para Hoteles,0.25,""
2018-12-01,Total,0.32,""
2019-01-01,1 y 2 estrellas,0.41,""
2019-01-01,3 estrellas/boutiques/aparts,0.47,""
2019-01-01,4 y 5 estrellas,0.5,""
2019-01-01,Para Hoteles,0.45,""
2019-01-01,Total,0.46,""
2019-02-01,1 y 2 estrellas,0.4,""
2019-02-01,3 estrellas/boutiques/aparts,0.47,""
2019-02-01,4 y 5 estrellas,0.49,""
2019-02-01,Para Hoteles,0.41,""
2019-02-01,Total,0.44,""
2019-03-01,1 y 2 estrellas,0.3,""
2019-03-01,3 estrellas/boutiques/aparts,0.38,""
2019-03-01,4 y 5 estrellas,0.45,""
2019-03-01,Para Hoteles,0.26,""
2019-03-01,Total,0.35,""
2019-04-01,1 y 2 estrellas,0.25,""
2019-04-01,3 estrellas/boutiques/aparts,0.33,""
2019-04-01,4 y 5 estrellas,0.42,""
2019-04-01,Para Hoteles,0.22,""
2019-04-01,Total,0.31,""
2019-05-01,1 y 2 estrellas,0.24,""
2019-05-01,3 estrellas/boutiques/aparts,0.3,""
2019-05-01,4 y 5 estrellas,0.37,""
2019-05-01,Para Hoteles,0.18,""
2019-05-01,Total,0.27,""
2019-06-01,1 y 2 estrellas,0.26,""
2019-06-01,3 estrellas/boutiques/aparts,0.31,""
2019-06-01,4 y 5 estrellas,0.38,""
2019-06-01,Para Hoteles,0.19,""
2019-06-01,Total,0.28,""
2019-07-01,1 y 2 estrellas,0.4,""
2019-07-01,3 estrellas/boutiques/aparts,0.45,""
2019-07-01,4 y 5 estrellas,0.52,""
2019-07-01,Para Hoteles,0.32,""
2019-07-01,Total,0.42,""
2019-08-01,1 y 2 estrellas,0.34,""
2019-08-01,3 estrellas/boutiques/aparts,0.36,""
2019-08-01,4 y 5 estrellas,0.42,""
2019-08-01,Para Hoteles,0.22,""
2019-08-01,Total,0.33,""
2019-09-01,1 y 2 estrellas,0.33,""
2019-09-01,3 estrellas/boutiques/aparts,0.38,""
2019-09-01,4 y 5 estrellas,0.43,""
2019-09-01,Para Hoteles,0.22,""
2019-09-01,Total,0.34,""
2019-10-01,1 y 2 estrellas,0.31,""
2019-10-01,3 estrellas/boutiques/aparts,0.37,""
2019-10-01,4 y 5 estrellas,0.45,""
2019-10-01,Para Hoteles,0.24,""
2019-10-01,Total,0.34,""
2019-11-01,1 y 2 estrellas,0.3,""
2019-11-01,3 estrellas/boutiques/aparts,0.4,""
2019-11-01,4 y 5 estrellas,0.5,""
2019-11-01,Para Hoteles,0.25,""
2019-11-01,Total,0.36,""
2019-12-01,1 y 2 estrellas,0.29,""
2019-12-01,3 estrellas/boutiques/aparts,0.37,""
2019-12-01,4 y 5 estrellas,0.43,""
2019-12-01,Para Hoteles,0.25,""
2019-12-01,Total,0.33,""
2020-01-01,1 y 2 estrellas,0.46,""
2020-01-01,3 estrellas/boutiques/aparts,0.49,""
2020-01-01,4 y 5 estrellas,0.48,""
2020-01-01,Para Hoteles,0.46,""
2020-01-01,Total,0.47,""
2020-02-01,1 y 2 estrellas,0.43,""
2020-02-01,3 estrellas/boutiques/aparts,0.48,""
2020-02-01,4 y 5 estrellas,0.48,""
2020-02-01,Para Hoteles,0.44,""
2020-02-01,Total,0.46,""
2020-03-01,1 y 2 estrellas,0.26,""
2020-03-01,3 estrellas/boutiques/aparts,0.31,""
2020-03-01,4 y 5 estrellas,0.32,""
2020-03-01,Para Hoteles,0.2,""
2020-03-01,Total,0.27,""
2020-04-01,1 y 2 estrellas,0,Emergencia sanitaria. La actividad de los establecimientos hoteleras estuvo limitada según la resolución n° 131/202 dispuesta por el Ministerio de Turismo y Deportes de la Nación.
2020-04-01,3 estrellas/boutiques/aparts,0,Emergencia sanitaria. La actividad de los establecimientos hoteleras estuvo limitada según la resolución n° 131/202 dispuesta por el Ministerio de Turismo y Deportes de la Nación.
2020-04-01,4 y 5 estrellas,0,Emergencia sanitaria. La actividad de los establecimientos hoteleras estuvo limitada según la resolución n° 131/202 dispuesta por el Ministerio de Turismo y Deportes de la Nación.
2020-04-01,Para Hoteles,0,Emergencia sanitaria. La actividad de los establecimientos hoteleras estuvo limitada según la resolución n° 131/202 dispuesta por el Ministerio de Turismo y Deportes de la Nación.
2020-04-01,Total,0,Emergencia sanitaria. La actividad de los establecimientos hoteleras estuvo limitada según la resolución n° 131/202 dispuesta por el Ministerio de Turismo y Deportes de la Nación.
2020-05-01,1 y 2 estrellas,0,"Emergencia sanitaria. Hacia finales del mes de mayo 2020, la provincia de Jujuy habilitó el turismo interno pero debido a la insuficiencia de datos, los resultados no se publicaron y las estimaciones a nivel regional y nacional se presentaron en cero."
2020-05-01,3 estrellas/boutiques/aparts,0,"Emergencia sanitaria. Hacia finales del mes de mayo 2020, la provincia de Jujuy habilitó el turismo interno pero debido a la insuficiencia de datos, los resultados no se publicaron y las estimaciones a nivel regional y nacional se presentaron en cero."
2020-05-01,4 y 5 estrellas,0,"Emergencia sanitaria. Hacia finales del mes de mayo 2020, la provincia de Jujuy habilitó el turismo interno pero debido a la insuficiencia de datos, los resultados no se publicaron y las estimaciones a nivel regional y nacional se presentaron en cero."
2020-05-01,Para Hoteles,0,"Emergencia sanitaria. Hacia finales del mes de mayo 2020, la provincia de Jujuy habilitó el turismo interno pero debido a la insuficiencia de datos, los resultados no se publicaron y las estimaciones a nivel regional y nacional se presentaron en cero."
2020-05-01,Total,0,"Emergencia sanitaria. Hacia finales del mes de mayo 2020, la provincia de Jujuy habilitó el turismo interno pero debido a la insuficiencia de datos, los resultados no se publicaron y las estimaciones a nivel regional y nacional se presentaron en cero."
2020-06-01,1 y 2 estrellas,,Emergencia sanitaria. La información por categoría no alcanzó el estándar de calidad mínimo requerido para su publicación como consecuencia de las restricciones en la actividad hotelera.
2020-06-01,3 estrellas/boutiques/aparts,,Emergencia sanitaria. La información por categoría no alcanzó el estándar de calidad mínimo requerido para su publicación como consecuencia de las restricciones en la actividad hotelera.
2020-06-01,4 y 5 estrellas,,Emergencia sanitaria. La información por categoría no alcanzó el estándar de calidad mínimo requerido para su publicación como consecuencia de las restricciones en la actividad hotelera.
2020-06-01,Para Hoteles,,Emergencia sanitaria. La información por categoría no alcanzó el estándar de calidad mínimo requerido para su publicación como consecuencia de las restricciones en la actividad hotelera.
2020-06-01,Total,0.06,""
2020-07-01,1 y 2 estrellas,,Emergencia sanitaria. La información por categoría no alcanzó el estándar de calidad mínimo requerido para su publicación como consecuencia de las restricciones en la actividad hotelera.
2020-07-01,3 estrellas/boutiques/aparts,,Emergencia sanitaria. La información por categoría no alcanzó el estándar de calidad mínimo requerido para su publicación como consecuencia de las restricciones en la actividad hotelera.
2020-07-01,4 y 5 estrellas,,Emergencia sanitaria. La información por categoría no alcanzó el estándar de calidad mínimo requerido para su publicación como consecuencia de las restricciones en la actividad hotelera.
2020-07-01,Para Hoteles,,Emergencia sanitaria. La información por categoría no alcanzó el estándar de calidad mínimo requerido para su publicación como consecuencia de las restricciones en la actividad hotelera.
2020-07-01,Total,0.05,""
2020-08-01,1 y 2 estrellas,,Emergencia sanitaria. La información por categoría no alcanzó el estándar de calidad mínimo requerido para su publicación como consecuencia de las restricciones en la actividad hotelera.
2020-08-01,3 estrellas/boutiques/aparts,,Emergencia sanitaria. La información por categoría no alcanzó el estándar de calidad mínimo requerido para su publicación como consecuencia de las restricciones en la actividad hotelera.
2020-08-01,4 y 5 estrellas,,Emergencia sanitaria. La información por categoría no alcanzó el estándar de calidad mínimo requerido para su publicación como consecuencia de las restricciones en la actividad hotelera.
2020-08-01,Para Hoteles,,Emergencia sanitaria. La información por categoría no alcanzó el estándar de calidad mínimo requerido para su publicación como consecuencia de las restricciones en la actividad hotelera.
2020-08-01,Total,0.05,""
2020-09-01,1 y 2 estrellas,,Emergencia sanitaria. La información por categoría no alcanzó el estándar de calidad mínimo requerido para su publicación como consecuencia de las restricciones en la actividad hotelera.
2020-09-01,3 estrellas/boutiques/aparts,,Emergencia sanitaria. La información por categoría no alcanzó el estándar de calidad mínimo requerido para su publicación como consecuencia de las restricciones en la actividad hotelera.
2020-09-01,4 y 5 estrellas,,Emergencia sanitaria. La información por categoría no alcanzó el estándar de calidad mínimo requerido para su publicación como consecuencia de las restricciones en la actividad hotelera.
2020-09-01,Para Hoteles,,Emergencia sanitaria. La información por categoría no alcanzó el estándar de calidad mínimo requerido para su publicación como consecuencia de las restricciones en la actividad hotelera.
2020-09-01,Total,0.07,""
2020-10-01,1 y 2 estrellas,,Emergencia sanitaria. La información por categoría no alcanzó el estándar de calidad mínimo requerido para su publicación como consecuencia de las restricciones en la actividad hotelera.
2020-10-01,3 estrellas/boutiques/aparts,,Emergencia sanitaria. La información por categoría no alcanzó el estándar de calidad mínimo requerido para su publicación como consecuencia de las restricciones en la actividad hotelera.
2020-10-01,4 y 5 estrellas,,Emergencia sanitaria. La información por categoría no alcanzó el estándar de calidad mínimo requerido para su publicación como consecuencia de las restricciones en la actividad hotelera.
2020-10-01,Para Hoteles,,Emergencia sanitaria. La información por categoría no alcanzó el estándar de calidad mínimo requerido para su publicación como consecuencia de las restricciones en la actividad hotelera.
2020-10-01,Total,0.08,""
2020-11-01,1 y 2 estrellas,,Emergencia sanitaria. La información por categoría no alcanzó el estándar de calidad mínimo requerido para su publicación como consecuencia de las restricciones en la actividad hotelera.
2020-11-01,3 estrellas/boutiques/aparts,,Emergencia sanitaria. La información por categoría no alcanzó el estándar de calidad mínimo requerido para su publicación como consecuencia de las restricciones en la actividad hotelera.
2020-11-01,4 y 5 estrellas,,Emergencia sanitaria. La información por categoría no alcanzó el estándar de calidad mínimo requerido para su publicación como consecuencia de las restricciones en la actividad hotelera.
2020-11-01,Para Hoteles,,Emergencia sanitaria. La información por categoría no alcanzó el estándar de calidad mínimo requerido para su publicación como consecuencia de las restricciones en la actividad hotelera.
2020-11-01,Total,0.1,""
2020-12-01,1 y 2 estrellas,,Emergencia sanitaria. La información por categoría no alcanzó el estándar de calidad mínimo requerido para su publicación como consecuencia de las restricciones en la actividad hotelera.
2020-12-01,3 estrellas/boutiques/aparts,,Emergencia sanitaria. La información por categoría no alcanzó el estándar de calidad mínimo requerido para su publicación como consecuencia de las restricciones en la actividad hotelera.
2020-12-01,4 y 5 estrellas,,Emergencia sanitaria. La información por categoría no alcanzó el estándar de calidad mínimo requerido para su publicación como consecuencia de las restricciones en la actividad hotelera.
2020-12-01,Para Hoteles,,Emergencia sanitaria. La información por categoría no alcanzó el estándar de calidad mínimo requerido para su publicación como consecuencia de las restricciones en la actividad hotelera.
2020-12-01,Total,0.16,""
2021-01-01,1 y 2 estrellas,0.27,""
2021-01-01,3 estrellas/boutiques/aparts,0.3,""
2021-01-01,4 y 5 estrellas,0.27,""
2021-01-01,Para Hoteles,0.39,""
2021-01-01,Total,0.31,""
2021-02-01,1 y 2 estrellas,0.29,""
2021-02-01,3 estrellas/boutiques/aparts,0.35,""
2021-02-01,4 y 5 estrellas,0.32,""
2021-02-01,Para Hoteles,0.39,""
2021-02-01,Total,0.34,""
2021-03-01,1 y 2 estrellas,0.19,""
2021-03-01,3 estrellas/boutiques/aparts,0.26,""
2021-03-01,4 y 5 estrellas,0.25,""
2021-03-01,Para Hoteles,0.24,""
2021-03-01,Total,0.24,""
2021-04-01,1 y 2 estrellas,0.17,""
2021-04-01,3 estrellas/boutiques/aparts,0.19,""
2021-04-01,4 y 5 estrellas,0.18,""
2021-04-01,Para Hoteles,0.16,""
2021-04-01,Total,0.18,""
2021-05-01,1 y 2 estrellas,0.09,""
2021-05-01,3 estrellas/boutiques/aparts,0.11,""
2021-05-01,4 y 5 estrellas,0.11,""
2021-05-01,Para Hoteles,0.1,""
2021-05-01,Total,0.1,""
2021-06-01,1 y 2 estrellas,0.12,""
2021-06-01,3 estrellas/boutiques/aparts,0.11,""
2021-06-01,4 y 5 estrellas,0.11,""
2021-06-01,Para Hoteles,0.08,""
2021-06-01,Total,0.11,""
2021-07-01,1 y 2 estrellas,0.26,""
2021-07-01,3 estrellas/boutiques/aparts,0.31,""
2021-07-01,4 y 5 estrellas,0.32,""
2021-07-01,Para Hoteles,0.27,""
2021-07-01,Total,0.29,""
2021-08-01,1 y 2 estrellas,0.22,""
2021-08-01,3 estrellas/boutiques/aparts,0.29,""
2021-08-01,4 y 5 estrellas,0.3,""
2021-08-01,Para Hoteles,0.24,""
2021-08-01,Total,0.27,""
2021-09-01,1 y 2 estrellas,0.24,""
2021-09-01,3 estrellas/boutiques/aparts,0.32,""
2021-09-01,4 y 5 estrellas,0.37,""
2021-09-01,Para Hoteles,0.24,""
2021-09-01,Total,0.3,""
2021-10-01,1 y 2 estrellas,0.32,""
2021-10-01,3 estrellas/boutiques/aparts,0.33,""
2021-10-01,4 y 5 estrellas,0.38,""
2021-10-01,Para Hoteles,0.26,""
2021-10-01,Total,0.32,""
2021-11-01,1 y 2 estrellas,0.33,""
2021-11-01,3 estrellas/boutiques/aparts,0.36,""
2021-11-01,4 y 5 estrellas,0.42,""
2021-11-01,Para Hoteles,0.28,""
2021-11-01,Total,0.35,""
2021-12-01,1 y 2 estrellas,0.32,""
2021-12-01,3 estrellas/boutiques/aparts,0.38,""
2021-12-01,4 y 5 estrellas,0.41,""
2021-12-01,Para Hoteles,0.32,""
2021-12-01,Total,0.36,""
2022-01-01,1 y 2 estrellas,0.54,""
2022-01-01,3 estrellas/boutiques/aparts,0.53,""
2022-01-01,4 y 5 estrellas,0.47,""
2022-01-01,Para Hoteles,0.57,""
2022-01-01,Total,0.53,""
2022-02-01,1 y 2 estrellas,0.52,""
2022-02-01,3 estrellas/boutiques/aparts,0.53,""
2022-02-01,4 y 5 estrellas,0.53,""
2022-02-01,Para Hoteles,0.55,""
2022-02-01,Total,0.53,""
2022-03-01,1 y 2 estrellas,0.37,""
2022-03-01,3 estrellas/boutiques/aparts,0.4,""
2022-03-01,4 y 5 estrellas,0.45,""
2022-03-01,Para Hoteles,0.33,""
2022-03-01,Total,0.39,""
2022-04-01,1 y 2 estrellas,0.32,""
2022-04-01,3 estrellas/boutiques/aparts,0.39,""
2022-04-01,4 y 5 estrellas,0.49,""
2022-04-01,Para Hoteles,0.26,""
2022-04-01,Total,0.37,""
2022-05-01,1 y 2 estrellas,0.26,""
2022-05-01,3 estrellas/boutiques/aparts,0.32,""
2022-05-01,4 y 5 estrellas,0.41,""
2022-05-01,Para Hoteles,0.17,""
2022-05-01,Total,0.3,""
2022-06-01,1 y 2 estrellas,0.31,""
2022-06-01,3 estrellas/boutiques/aparts,0.34,""
2022-06-01,4 y 5 estrellas,0.42,""
2022-06-01,Para Hoteles,0.18,""
2022-06-01,Total,0.31,""
2022-07-01,1 y 2 estrellas,0.45,""
2022-07-01,3 estrellas/boutiques/aparts,0.47,""
2022-07-01,4 y 5 estrellas,0.55,""
2022-07-01,Para Hoteles,0.32,""
2022-07-01,Total,0.45,""
2022-08-01,1 y 2 estrellas,0.35,""
2022-08-01,3 estrellas/boutiques/aparts,0.38,""
2022-08-01,4 y 5 estrellas,0.47,""
2022-08-01,Para Hoteles,0.23,""
2022-08-01,Total,0.36,""
2022-09-01,1 y 2 estrellas,0.37,""
2022-09-01,3 estrellas/boutiques/aparts,0.39,""
2022-09-01,4 y 5 estrellas,0.5,""
2022-09-01,Para Hoteles,0.25,""
2022-09-01,Total,0.38,""
2022-10-01,1 y 2 estrellas,0.38,""
2022-10-01,3 estrellas/boutiques/aparts,0.42,""
2022-10-01,4 y 5 estrellas,0.52,""
2022-10-01,Para Hoteles,0.29,""
2022-10-01,Total,0.4,""
2022-11-01,1 y 2 estrellas,0.34,""
2022-11-01,3 estrellas/boutiques/aparts,0.41,""
2022-11-01,4 y 5 estrellas,0.52,""
2022-11-01,Para Hoteles,0.27,""
2022-11-01,Total,0.39,""
2022-12-01,1 y 2 estrellas,0.31,""
2022-12-01,3 estrellas/boutiques/aparts,0.36,""
2022-12-01,4 y 5 estrellas,0.41,""
2022-12-01,Para Hoteles,0.27,""
2022-12-01,Total,0.34,""
2023-01-01,1 y 2 estrellas,0.51,""
2023-01-01,3 estrellas/boutiques/aparts,0.51,""
2023-01-01,4 y 5 estrellas,0.5,""
2023-01-01,Para Hoteles,0.53,""
2023-01-01,Total,0.51,""
2023-02-01,1 y 2 estrellas,0.47,""
2023-02-01,3 estrellas/boutiques/aparts,0.48,""
2023-02-01,4 y 5 estrellas,0.48,""
2023-02-01,Para Hoteles,0.51,""
2023-02-01,Total,0.49,""
2023-03-01,1 y 2 estrellas,0.31,""
2023-03-01,3 estrellas/boutiques/aparts,0.36,""
2023-03-01,4 y 5 estrellas,0.44,""
2023-03-01,Para Hoteles,0.31,""
2023-03-01,Total,0.36,""
2023-04-01,1 y 2 estrellas,0.28,""
2023-04-01,3 estrellas/boutiques/aparts,0.36,""
2023-04-01,4 y 5 estrellas,0.44,""
2023-04-01,Para Hoteles,0.25,""
2023-04-01,Total,0.34,""
2023-05-01,1 y 2 estrellas,0.27,""
2023-05-01,3 estrellas/boutiques/aparts,0.33,""
2023-05-01,4 y 5 estrellas,0.42,""
2023-05-01,Para Hoteles,0.2,""
2023-05-01,Total,0.31,""
2023-06-01,1 y 2 estrellas,0.3,""
2023-06-01,3 estrellas/boutiques/aparts,0.35,""
2023-06-01,4 y 5 estrellas,0.45,""
2023-06-01,Para Hoteles,0.22,""
2023-06-01,Total,0.33,""
2023-07-01,1 y 2 estrellas,0.41,""
2023-07-01,3 estrellas/boutiques/aparts,0.45,""
2023-07-01,4 y 5 estrellas,0.53,""
2023-07-01,Para Hoteles,0.34,""
2023-07-01,Total,0.43,""
2023-08-01,1 y 2 estrellas,0.34,""
2023-08-01,3 estrellas/boutiques/aparts,0.37,""
2023-08-01,4 y 5 estrellas,0.45,""
2023-08-01,Para Hoteles,0.24,""
2023-08-01,Total,0.35,""
2023-09-01,1 y 2 estrellas,0.38,""
2023-09-01,3 estrellas/boutiques/aparts,0.41,""
2023-09-01,4 y 5 estrellas,0.5,""
2023-09-01,Para Hoteles,0.27,""
2023-09-01,Total,0.39,""
2023-10-01,1 y 2 estrellas,0.36,""
2023-10-01,3 estrellas/boutiques/aparts,0.39,""
2023-10-01,4 y 5 estrellas,0.46,""
2023-10-01,Para Hoteles,0.28,""
2023-10-01,Total,0.37,""
2023-11-01,1 y 2 estrellas,0.34,""
2023-11-01,3 estrellas/boutiques/aparts,0.38,""
2023-11-01,4 y 5 estrellas,0.48,""
2023-11-01,Para Hoteles,0.28,""
2023-11-01,Total,0.37,""
2023-12-01,1 y 2 estrellas,0.32,""
2023-12-01,3 estrellas/boutiques/aparts,0.36,""
2023-12-01,4 y 5 estrellas,0.42,""
2023-12-01,Para Hoteles,0.28,""
2023-12-01,Total,0.34,""
2024-01-01,1 y 2 estrellas,0.44,Dato provisorio
2024-01-01,3 estrellas/boutiques/aparts,0.44,Dato provisorio
2024-01-01,4 y 5 estrellas,0.44,Dato provisorio
2024-01-01,Para Hoteles,0.5,Dato provisorio
2024-01-01,Total,0.46,Dato provisorio
2024-02-01,1 y 2 estrellas,0.39,Dato provisorio
2024-02-01,3 estrellas/boutiques/aparts,0.41,Dato provisorio
2024-02-01,4 y 5 estrellas,0.42,Dato provisorio
2024-02-01,Para Hoteles,0.45,Dato provisorio
2024-02-01,Total,0.42,Dato provisorio
2024-03-01,1 y 2 estrellas,0.31,Dato provisorio
2024-03-01,3 estrellas/boutiques/aparts,0.33,Dato provisorio
2024-03-01,4 y 5 estrellas,0.41,Dato provisorio
2024-03-01,Para Hoteles,0.29,Dato provisorio
2024-03-01,Total,0.34,Dato provisorio
2024-04-01,1 y 2 estrellas,0.23,Dato provisorio
2024-04-01,3 estrellas/boutiques/aparts,0.28,Dato provisorio
2024-04-01,4 y 5 estrellas,0.34,Dato provisorio
2024-04-01,Para Hoteles,0.19,Dato provisorio
2024-04-01,Total,0.26,Dato provisorio
2024-05-01,1 y 2 estrellas,0.2,Dato provisorio
2024-05-01,3 estrellas/boutiques/aparts,0.24,Dato provisorio
2024-05-01,4 y 5 estrellas,0.32,Dato provisorio
2024-05-01,Para Hoteles,0.14,Dato provisorio
2024-05-01,Total,0.23,Dato provisorio
2024-06-01,1 y 2 estrellas,0.27,Dato provisorio
2024-06-01,3 estrellas/boutiques/aparts,0.29,Dato provisorio
2024-06-01,4 y 5 estrellas,0.33,Dato provisorio
2024-06-01,Para Hoteles,0.18,Dato provisorio
2024-06-01,Total,0.27,Dato provisorio
2024-07-01,1 y 2 estrellas,0.36,Dato provisorio
2024-07-01,3 estrellas/boutiques/aparts,0.4,Dato provisorio
2024-07-01,4 y 5 estrellas,0.45,Dato provisorio
2024-07-01,Para Hoteles,0.29,Dato provisorio
2024-07-01,Total,0.38,Dato provisorio
2024-08-01,1 y 2 estrellas,0.31,Dato provisorio
2024-08-01,3 estrellas/boutiques/aparts,0.32,Dato provisorio
2024-08-01,4 y 5 estrellas,0.38,Dato provisorio
2024-08-01,Para Hoteles,0.2,Dato provisorio
2024-08-01,Total,0.3,Dato provisorio
2024-09-01,1 y 2 estrellas,0.3,Dato provisorio
2024-09-01,3 estrellas/boutiques/aparts,0.33,Dato provisorio
2024-09-01,4 y 5 estrellas,0.41,Dato provisorio
2024-09-01,Para Hoteles,0.22,Dato provisorio
2024-09-01,Total,0.32,Dato provisorio
2024-10-01,1 y 2 estrellas,0.32,Dato provisorio
2024-10-01,3 estrellas/boutiques/aparts,0.34,Dato provisorio
2024-10-01,4 y 5 estrellas,0.42,Dato provisorio
2024-10-01,Para Hoteles,0.25,Dato provisorio
2024-10-01,Total,0.33,Dato provisorio
2024-11-01,1 y 2 estrellas,0.32,Dato provisorio
2024-11-01,3 estrellas/boutiques/aparts,0.36,Dato provisorio
2024-11-01,4 y 5 estrellas,0.46,Dato provisorio
2024-11-01,Para Hoteles,0.25,Dato provisorio
2024-11-01,Total,0.35,Dato provisorio
2024-12-01,1 y 2 estrellas,0.31,Dato provisorio
2024-12-01,3 estrellas/boutiques/aparts,0.33,Dato provisorio
2024-12-01,4 y 5 estrellas,0.4,Dato provisorio
2024-12-01,Para Hoteles,0.24,Dato provisorio
2024-12-01,Total,0.31,Dato provisorio
